"016 techno                    ","DI6 Display Techno 2009 Bel.  ","02L981400000.pdf"
"016 techno                    ","340 Thekencontainer rechts    ","02L980190000.pdf"
"016 techno                    ","341 Thekencontainer links     ","02L980190000.pdf"
"016 techno                    ","342 Thekencontainer           ","02L981400000.pdf"
"016 techno                    ","344 Thekencontainer CPU rechts","02L980190000.pdf"
"016 techno                    ","345 Thekencontainer CPU links ","02L980190000.pdf"
"016 techno                    ","399 Beleuchtung Office Box    ","02L980240000.pdf"
"016 techno                    ","882 Stollenbeleuchtung        ","02L980120000.pdf"
"016 techno                    ","920 1 St.LED-Lampe weiß       ","02L679510005.pdf"
"016 techno                    ","950 LED Aufsatzleuchte + Trafo","02L980750000.pdf"
"016 techno                    ","951 2erLED Aufsatzleuchte+Traf","02L980750000.pdf"
"016 techno                    ","954 Beleuchtungsset Regal weiß","02L679510005.pdf"
"016 techno                    ","955 LED-Innenbeleuchtung      ","02L239510000.pdf"
"137 ultra4 office             ","940 LED-Innenbeleuchtung      ","02L980630000.pdf"
"184 objekt plus               ","1A7 Eckschrank f.Aktenord.    ","02L980060000.pdf"
"184 objekt plus               ","1A8 Eckschr.Minniküche        ","02L980060000.pdf"
"184 objekt plus               ","1A9 Eckschr.f.Garderobe       ","02L980060000.pdf"
"184 objekt plus               ","1D7 Eckschrank 6 OH/ Holzso.  ","02L980060000.pdf"
"184 objekt plus               ","1D8 Miniküche  Holzsockel     ","02L980060000.pdf"
"184 objekt plus               ","1D9 Eckschr.Garderobe/Holzso. ","02L980060000.pdf"
"184 objekt plus               ","1F7 Eckschrank 6 OH/Met-sock. ","02L980060000.pdf"
"184 objekt plus               ","1F8 Minikü. 6 OH/Met-sock.    ","02L980060000.pdf"
"184 objekt plus               ","1F9 Eck-AT  6 OH/Met-sock.    ","02L980060000.pdf"
"184 objekt plus               ","912 Glasrückwand mit RGB Bel. ","02L589460008.pdf"
"184 objekt plus               ","913 RGB-Innenbeleuchtung      ","02L818110008.pdf"
"184 objekt plus               ","950 Aufbauleuchte             ","02L980750000.pdf"
"185 absolut office            ","921 LED Aufsatzleuchte + Trafo","02L980750000.pdf"
"185 absolut office            ","922 2erLED Aufsatzleuchte+Traf","02L980750000.pdf"
"185 absolut office            ","923 Lichtwange                ","02L859230008.pdf"
"185 absolut office            ","924 Lichtwange                ","02L859240008.pdf"
"185 absolut office            ","951 LED-Innenbeleuchtung      ","02L239510000.pdf"
"188 Xception                  ","917 Lichtboard 60 cm          ","02L646269000.pdf"
"188 Xception                  ","918 Lichtboard 120 cm         ","02L646279000.pdf"
"188 Xception                  ","924 Lichtwange                ","02L859240008.pdf"
"188 Xception                  ","944 RGB-Innenbeleuchtung      ","02L818110008.pdf"
"188 Xception                  ","946 Glasrückwand mit RGB Bel. ","02L589460008.pdf"
"261 vegas                     ","049 Spotleuchte mit Trafo     ","02L260501198.pdf"
"261 vegas                     ","915 Hängeregal m.Beleuchtung  ","02L980620000.pdf"
"261 vegas                     ","916 Hängeregal m.Beleuchtung  ","02L980620000.pdf"
"261 vegas                     ","917 Hängeregal m.Beleuchtung  ","02L980620000.pdf"
"261 vegas                     ","918 Hängeregal m.Beleuchtung  ","02L980620000.pdf"
"261 vegas                     ","940 Kranz f. 025 m.Beleuchtung","02L980620000.pdf"
"261 vegas                     ","941 Kranz f. 026 m.Beleuchtung","02L980620000.pdf"
"261 vegas                     ","942 Kranz f. 027 m.Beleuchtung","02L980620000.pdf"
"261 vegas                     ","951 LED-Innenbeleuchtung      ","02L980630000.pdf"
"261 vegas                     ","952 LED-Bett-Unterbauleuchte  ","02L249520000.pdf"
"261 vegas                     ","953 LED Bettleuchte+Trafo     ","02L980320000.pdf"
"267 mobiline                  ","013 Eckkleiderschrank links   ","02L980060000.pdf"
"267 mobiline                  ","014 Eckkleiderschrank rechts  ","02L980060000.pdf"
"267 mobiline                  ","047 Spotleuchte mit Trafo     ","02L260501198.pdf"
"267 mobiline                  ","473 Beleuchtungsstollen links ","02L981400000.pdf"
"267 mobiline                  ","474 Beleuchtungsstollen rechts","02L981400000.pdf"
"267 mobiline                  ","950 LED Aufsatzleuchte + Trafo","02L980750000.pdf"
"267 mobiline                  ","951 LED Glasbodenleuchte      ","02L679510005.pdf"
"267 mobiline                  ","952 Klemmleuchte Stauraumnetz ","02L679520005.pdf"
"267 mobiline                  ","953 LED Bettleuchte+Trafo     ","02L980320000.pdf"
"267 mobiline                  ","955 LED Bettunterbaul.+Trafo  ","02L249520000.pdf"
"281 beat                      ","013 Eckkleiderschrank links   ","02L980060000.pdf"
"281 beat                      ","014 Eckkleiderschrank rechts  ","02L980060000.pdf"
"281 beat                      ","047 Spotleuchte mit Trafo     ","02L260501198.pdf"
"281 beat                      ","692 Unterbau-Halogenleuchte   ","02L812390005.pdf"
"281 beat                      ","951 LED Aufsatzleuchte + Trafo","02L980750000.pdf"
"281 beat                      ","953 LED Bettleuchte+Trafo     ","02L980320000.pdf"
"322 change                    ","DI1 Display Change 2009 Bel.  ","02L981400000.pdf"
"322 change                    ","047 Spotleuchte mit Trafo     ","02L260501198.pdf"
"322 change                    ","610 Medienb. 2trg. 1Glasb.bel.","02L980300000.pdf"
"322 change                    ","950 LED Aufsatzleuchte + Trafo","02L980750000.pdf"
"322 change                    ","951 LED Glasbodenleuchte      ","02L679510005.pdf"
"322 change                    ","953 LED Bettleuchte+Trafo     ","02L980320000.pdf"
"322 change                    ","955 LED Bettunterbaul.+Trafo  ","02L249520000.pdf"
"323 hiLight                   ","218 Bettkonsole 1 Schubk.+Bel.","02L981100000.pdf"
"323 hiLight                   ","356 Anbauteil 2 Türen 1 Schub.","02L239510000.pdf"
"323 hiLight                   ","600 Lichtwange                ","02L236000008.pdf"
"323 hiLight                   ","910 Wandregal Leuchtkubus re. ","02L239510000.pdf"
"323 hiLight                   ","911 Wandregal Leuchtkubus li. ","02L239510000.pdf"
"323 hiLight                   ","950 LED Aufsatzleuchte + Trafo","02L980750000.pdf"
"323 hiLight                   ","951 LED-Innenbeleuchtung      ","02L239510000.pdf"
"325 relax                     ","013 Eckkleiderschrank links   ","02L980060000.pdf"
"325 relax                     ","014 Eckkleiderschrank rechts  ","02L980060000.pdf"
"325 relax                     ","047 Spotleuchte mit Trafo     ","02L239510000.pdf"
"325 relax                     ","926 LED-Glaskantenbeleuchtung ","02L980310000.pdf"
"325 relax                     ","927 LED-Innenbeleuchtung      ","02L980630000.pdf"
"325 relax                     ","950 LED Aufsatzleuchte + Trafo","02L980750000.pdf"
"325 relax                     ","951 LED Glasbodenleuchte      ","02L679510005.pdf"
"325 relax                     ","953 LED Bettleuchte+Trafo     ","02L980320000.pdf"
"327 cubby                     ","013 Eckkleiderschrank links   ","02L980060000.pdf"
"327 cubby                     ","014 Eckkleiderschrank rechts  ","02L980060000.pdf"
"327 cubby                     ","950 LED Aufsatzleuchte + Trafo","02L980750000.pdf"
"327 cubby                     ","951 LED-Innenbeleuchtung      ","02L239510000.pdf"
"327 cubby                     ","952 LED-Bett-Unterbauleuchte  ","02L249520000.pdf"
"327 cubby                     ","953 LED-Bettkopfteilleuchte   ","02L249530001.pdf"
"327 cubby                     ","954 LED Bettleuchte+Trafo     ","02L980320000.pdf"
"327 cubby                     ","965 LED-Farbwechselleuchte    ","02L279650000.pdf"
"329 color                     ","950 1er LED-Innenbeleuchtung  ","02L980630000.pdf"
"329 color                     ","951 Kranzbeleuchtung 025      ","02L299510008.pdf"
"329 color                     ","952 Kranzbeleuchtung 026      ","02L299520008.pdf"
"329 color                     ","953 Kranzbeleuchtung 027      ","02L299530008.pdf"
"329 color                     ","961 Bettbeleuchtung 079       ","02L980670000.pdf"
"329 color                     ","962 Bettbeleuchtung 080       ","02L980680000.pdf"
"329 color                     ","963 Bettbeleuchtung 081       ","02L980690000.pdf"
"329 color                     ","964 Bettbeleuchtung 082       ","02L980700000.pdf"
"330 Change Plus               ","912 Hängeregal mit LED-Beleuch","02L980620000.pdf"
"330 Change Plus               ","914 Hängeregal mit LED-Beleuch","02L980620000.pdf"
"330 Change Plus               ","916 Hängeregal mit LED-Beleuch","02L980640000.pdf"
"330 Change Plus               ","918 Hängeregal mit RGB-Beleuch","02L980640000.pdf"
"330 Change Plus               ","921 2 RGB Kopfteilleuchten    ","02L980640000.pdf"
"330 Change Plus               ","922 RGB-Innenbeleuchtung      ","02L980650000.pdf"
"330 Change Plus               ","923 RGB-Glaskantenbeleuchtung ","02L980300000.pdf"
"330 Change Plus               ","926 LED-Glaskantenbeleuchtung ","02L980310000.pdf"
"330 Change Plus               ","927 LED-Innenbeleuchtung      ","02L980630000.pdf"
"330 Change Plus               ","928 2 LED Kopfteilleuchten    ","02L980620000.pdf"
"330 Change Plus               ","940 Kranz f. 025 m.Beleuchtung","02L980620000.pdf"
"330 Change Plus               ","941 Kranz f. 026 m.Beleuchtung","02L980620000.pdf"
"330 Change Plus               ","942 Kranz f. 027 m.Beleuchtung","02L980620000.pdf"
"330 Change Plus               ","944 Kranz f. 025 m.Beleuch.RGB","02L980640000.pdf"
"330 Change Plus               ","945 Kranz f. 026 m.Beleuch.RGB","02L980640000.pdf"
"330 Change Plus               ","946 Kranz f. 027 m.Beleuch.RGB","02L980640000.pdf"
"330 Change Plus               ","953 LED Bettleuchte+Trafo     ","02L980320000.pdf"
"330 Change Plus               ","955 LED Bettunterbaul.+Trafo  ","02L249520000.pdf"
"331 select 'cult'             ","K13 Eckkleiderschrank links   ","02L980060000.pdf"
"331 select 'cult'             ","K14 Eckkleiderschrank rechts  ","02L980060000.pdf"
"331 select 'cult'             ","851 Wandpaneel mit LED        ","02L980050000.pdf"
"331 select 'cult'             ","852 Wandpaneel mit RGB        ","02L980040000.pdf"
"331 select 'cult'             ","861 CD-Wandregal.Beleucht.LED ","02L980050000.pdf"
"331 select 'cult'             ","862 CD-Wandregal.Beleucht.RGB ","02L980040000.pdf"
"331 select 'cult'             ","911 Hängeregal mit 1xLED      ","02L980620000.pdf"
"331 select 'cult'             ","912 Hängeregal mit 1xLED      ","02L980620000.pdf"
"331 select 'cult'             ","913 Hängeregal mit 2xLED      ","02L980620000.pdf"
"331 select 'cult'             ","915 Hängeregal mit 1xRGB      ","02L980640000.pdf"
"331 select 'cult'             ","916 Hängeregal mit 1xRGB      ","02L980620000.pdf"
"331 select 'cult'             ","917 Hängeregal mit 2xRGB      ","02L980640000.pdf"
"331 select 'cult'             ","922 RGB-Innenbeleuchtung      ","02L980650000.pdf"
"331 select 'cult'             ","923 RGB-Glaskantenbeleuchtung ","02L980300000.pdf"
"331 select 'cult'             ","926 LED-Glaskantenbeleuchtung ","02L980310000.pdf"
"331 select 'cult'             ","927 LED-Innenbeleuchtung      ","02L980630000.pdf"
"331 select 'cult'             ","940 Kranzleiste 2trg. m.LED   ","02L980620000.pdf"
"331 select 'cult'             ","941 Kranzleiste 026    m.LED  ","02L980620000.pdf"
"331 select 'cult'             ","942 Kranzleiste 3trg. m.LED   ","02L980620000.pdf"
"331 select 'cult'             ","943 Kranzleiste 4trg. m.LED   ","02L980620000.pdf"
"331 select 'cult'             ","944 Kranzleiste 1trg. m.LED   ","02L980620000.pdf"
"331 select 'cult'             ","945 Kranzleiste 2trg. m.RGB   ","02L980640000.pdf"
"331 select 'cult'             ","946 Kranz f. 026 m.Beleuch.RGB","02L980640000.pdf"
"331 select 'cult'             ","947 Kranzleiste 3trg. m.RGB   ","02L980640000.pdf"
"331 select 'cult'             ","948 Kranzleiste 4trg. m.RGB   ","02L980640000.pdf"
"331 select 'cult'             ","949 Kranzleiste 1trg. m.RGB   ","02L980640000.pdf"
"331 select 'cult'             ","950 Kranz m.Bel. 1xLED 500mm  ","02L980620000.pdf"
"331 select 'cult'             ","952 LED-Bett-Unterbauleuchte  ","02L249520000.pdf"
"331 select 'cult'             ","953 LED Bettleuchte+Trafo     ","02L249530001.pdf"
"331 select 'cult'             ","954 LED Flexleuchte+Trafo     ","02L980320000.pdf"
"331 select 'cult'             ","972 Kranzleiste Ecke m. LED   ","02L980620000.pdf"
"331 select 'cult'             ","973 Kranzleiste Ecke m. LED   ","02L980620000.pdf"
"331 select 'cult'             ","974 Kranzleiste Ecke m. LED   ","02L980620000.pdf"
"331 select 'cult'             ","976 Kranzleiste Ecke m. RGB   ","02L980640000.pdf"
"331 select 'cult'             ","977 Kranzleiste Ecke m. RGB   ","02L980640000.pdf"
"331 select 'cult'             ","978 Kranzleiste Ecke m. RGB   ","02L980640000.pdf"
"332 select 'classic'          ","K13 Eckkleiderschrank links   ","02L980060000.pdf"
"332 select 'classic'          ","K14 Eckkleiderschrank rechts  ","02L980060000.pdf"
"332 select 'classic'          ","851 Wandpaneel mit LED        ","02L980050000.pdf"
"332 select 'classic'          ","852 Wandpaneel mit RGB        ","02L980040000.pdf"
"332 select 'classic'          ","861 CD-Wandregal.Beleucht.LED ","02L980050000.pdf"
"332 select 'classic'          ","862 CD-Wandregal.Beleucht.RGB ","02L980040000.pdf"
"332 select 'classic'          ","911 Hängeregal mit 1xLED      ","02L980620000.pdf"
"332 select 'classic'          ","912 Hängeregal mit 1xLED      ","02L980620000.pdf"
"332 select 'classic'          ","913 Hängeregal mit 2xLED      ","02L980620000.pdf"
"332 select 'classic'          ","915 Hängeregal mit 1xRGB      ","02L980640000.pdf"
"332 select 'classic'          ","916 Hängeregal mit 1xRGB      ","02L980620000.pdf"
"332 select 'classic'          ","917 Hängeregal mit 2xRGB      ","02L980640000.pdf"
"332 select 'classic'          ","921 2 RGB Kopfteilleuchten    ","02L980640000.pdf"
"332 select 'classic'          ","922 RGB-Innenbeleuchtung      ","02L980650000.pdf"
"332 select 'classic'          ","923 RGB-Glaskantenbeleuchtung ","02L980300000.pdf"
"332 select 'classic'          ","926 LED-Glaskantenbeleuchtung ","02L980310000.pdf"
"332 select 'classic'          ","927 LED-Innenbeleuchtung      ","02L980630000.pdf"
"332 select 'classic'          ","928 2 LED Kopfteilleuchten    ","02L980620000.pdf"
"332 select 'classic'          ","940 Kranzleiste 2trg. m.LED   ","02L980620000.pdf"
"332 select 'classic'          ","941 Kranzleiste 026    m.LED  ","02L980620000.pdf"
"332 select 'classic'          ","942 Kranzleiste 3trg. m.LED   ","02L980620000.pdf"
"332 select 'classic'          ","943 Kranzleiste 4trg. m.LED   ","02L980620000.pdf"
"332 select 'classic'          ","944 Kranzleiste 1trg. m.LED   ","02L980620000.pdf"
"332 select 'classic'          ","945 Kranzleiste 2trg. m.RGB   ","02L980640000.pdf"
"332 select 'classic'          ","946 Kranz f. 026 m.Beleuch.RGB","02L980640000.pdf"
"332 select 'classic'          ","947 Kranzleiste 3trg. m.RGB   ","02L980640000.pdf"
"332 select 'classic'          ","948 Kranzleiste 4trg. m.RGB   ","02L980640000.pdf"
"332 select 'classic'          ","949 Kranzleiste 1trg. m.RGB   ","02L980640000.pdf"
"332 select 'classic'          ","950 Kranz m.Bel. 1xLED 500mm  ","02L980620000.pdf"
"332 select 'classic'          ","952 LED-Bett-Unterbauleuchte  ","02L249520000.pdf"
"332 select 'classic'          ","954 LED Flexleuchte+Trafo     ","02L980320000.pdf"
"332 select 'classic'          ","972 Kranzleiste Ecke m. LED   ","02L980620000.pdf"
"332 select 'classic'          ","973 Kranzleiste Ecke m. LED   ","02L980620000.pdf"
"332 select 'classic'          ","974 Kranzleiste Ecke m. LED   ","02L980620000.pdf"
"332 select 'classic'          ","976 Kranzleiste Ecke m. RGB   ","02L980640000.pdf"
"332 select 'classic'          ","977 Kranzleiste Ecke m. RGB   ","02L980640000.pdf"
"332 select 'classic'          ","978 Kranzleiste Ecke m. RGB   ","02L980640000.pdf"
"334 nativo                    ","911 Wandboard m.Beleuchtung   ","02L980620000.pdf"
"334 nativo                    ","912 Wandboard m.Beleuchtung   ","02L980620000.pdf"
"334 nativo                    ","913 Wandboard m.Beleuchtung   ","02L980620000.pdf"
"334 nativo                    ","926 LED-Glaskantenbeleuchtung ","02L980310000.pdf"
"334 nativo                    ","927 LED-Innenbeleuchtung      ","02L980630000.pdf"
"334 nativo                    ","940 Beleuchtungsleiste 2trg.  ","02L980620000.pdf"
"334 nativo                    ","942 Beleuchtungsleiste 3trg.  ","02L980620000.pdf"
"334 nativo                    ","943 Beleuchtungsleiste 4trg.  ","02L980620000.pdf"
"334 nativo                    ","944 Beleuchtungsleiste 1trg.  ","02L980620000.pdf"
"334 nativo                    ","950 Kranz m.Bel. 1xLED 500mm  ","02L980620000.pdf"
"334 nativo                    ","952 LED-Bett-Unterbauleuchte  ","02L249520000.pdf"
"334 nativo                    ","954 LED Flexleuchte+Trafo     ","02L980320000.pdf"
"334 nativo                    ","970 Beleuchtungsleiste Ecke   ","02L980620000.pdf"
"334 nativo                    ","974 Beleuchtungsleiste Ecke   ","02L980620000.pdf"
"336 ultra4 baby               ","K13 Eckkleiderschrank links   ","02L980060000.pdf"
"336 ultra4 baby               ","K14 Eckkleiderschrank rechts  ","02L980060000.pdf"
"337 ultra4                    ","K13 Eckkleiderschrank links   ","02L980060000.pdf"
"337 ultra4                    ","K14 Eckkleiderschrank rechts  ","02L980060000.pdf"
"337 ultra4                    ","940 LED-Innenbeleuchtung      ","02L980630000.pdf"
"337 ultra4                    ","952 LED-Bett-Unterbauleuchte  ","02L249520000.pdf"
"337 ultra4                    ","954 LED Flexleuchte+Trafo     ","02L980320000.pdf"
"347 shake                     ","K13 Eckkleiderschrank links   ","02L980060000.pdf"
"347 shake                     ","K14 Eckkleiderschrank rechts  ","02L980060000.pdf"
"347 shake                     ","951 LED-Innenbeleuchtung      ","02L980750000.pdf"
"347 shake                     ","952 LED-Bett-Unterbauleuchte  ","02L249520000.pdf"
"347 shake                     ","953 LED-Beleuchtung Bett+Trafo","02L980050000.pdf"
"347 shake                     ","954 LED Flexleuchte+Trafo     ","02L980320000.pdf"
"347 shake                     ","955 Innenbeleuchtung K15/K16  ","02L980060000.pdf"
"348 vintage                   ","D40 Kranz f. 025 m.Beleuchtung","02L980620000.pdf"
"348 vintage                   ","D41 Kranz f. 026 m.Beleuchtung","02L980620000.pdf"
"348 vintage                   ","D42 Kranz f. 027 m.Beleuchtung","02L980620000.pdf"
"348 vintage                   ","D45 Kranz f. 025 m.Beleuchtung","02L980640000.pdf"
"348 vintage                   ","D46 Kranz f. 026 m.Beleuchtung","02L980640000.pdf"
"348 vintage                   ","D47 Kranz f. 027 m.Beleuchtung","02L980640000.pdf"
"348 vintage                   ","185 LED_Beleuchtung für 184   ","02L980050000.pdf"
"348 vintage                   ","186 RGB-Beleuchtung für 184   ","02L980040000.pdf"
"348 vintage                   ","915 Hängeregal m.Beleuchtung  ","02L980620000.pdf"
"348 vintage                   ","916 Hängeregal m.Beleuchtung  ","02L980620000.pdf"
"348 vintage                   ","917 Hängeregal m.Beleuchtung  ","02L980620000.pdf"
"348 vintage                   ","918 Hängeregal m.Beleuchtung  ","02L980620000.pdf"
"348 vintage                   ","921 2 RGB Kopfteilleuchten    ","02L980640000.pdf"
"348 vintage                   ","922 RGB-Innenbeleuchtung      ","02L980650000.pdf"
"348 vintage                   ","927 LED-Innenbeleuchtung      ","02L980630000.pdf"
"348 vintage                   ","928 2 LED Kopfteilleuchten    ","02L980620000.pdf"
"348 vintage                   ","935 Hängeregal m.Beleuchtung  ","02L980640000.pdf"
"348 vintage                   ","936 Hängeregal m.Beleuchtung  ","02L980620000.pdf"
"348 vintage                   ","937 Hängeregal m.Beleuchtung  ","02L980640000.pdf"
"348 vintage                   ","938 Hängeregal m.Beleuchtung  ","02L980640000.pdf"
"348 vintage                   ","940 Kranz f. 025 m.Beleuchtung","02L980620000.pdf"
"348 vintage                   ","941 Kranz f. 026 m.Beleuchtung","02L980620000.pdf"
"348 vintage                   ","942 Kranz f. 027 m.Beleuchtung","02L980620000.pdf"
"348 vintage                   ","945 Kranz f. 025 m.Beleuchtung","02L980640000.pdf"
"348 vintage                   ","946 Kranz f. 026 m.Beleuchtung","02L980640000.pdf"
"348 vintage                   ","947 Kranz f. 027 m.Beleuchtung","02L980640000.pdf"
"348 vintage                   ","952 LED-Bett-Unterbauleuchte  ","02L249520000.pdf"
"348 vintage                   ","953 LED Bettleuchte+Trafo     ","02L980320000.pdf"
"361 vote                      ","049 Spotleuchte mit Trafo     ","02L260501198.pdf"
"856 Amano                     ","944 LED-Unterbauleuchte       ","02L980630000.pdf"
"857 first                     ","944 LED-Unterbauleuchte       ","02L980630000.pdf"
"857 first                     ","946 Glasrückwand mit RGB Bel. ","02L589460008.pdf"
"858 clou                      ","944 LED-Unterbauleuchte       ","02L980630000.pdf"
"858 clou                      ","946 Glasrückwand mit RGB Bel. ","02L589460008.pdf"
